0.8041372,0.14544916,0.8303114,0.038670525,0.88965464,0.93665236,0.9967782,0.87015635,0.99696106,0.90660703,0.99329585,0.99881506,0.99967086,0.9984341,0.9995915,0.9904833,0.9955818
0.68616533,0.10633894,0.7132943,0.044285994,0.8441816,0.9242333,0.99525696,0.8612638,0.9955231,0.89632404,0.9901495,0.9988945,0.9996413,0.9986639,0.999597,0.9923308,0.99612576
0.78329366,0.112064295,0.8592658,0.03224024,0.92458206,0.8948563,0.99733716,0.7529377,0.99761355,0.8288747,0.99354,0.99848455,0.9997136,0.99838567,0.99971336,0.99220055,0.9971379
0.54522306,0.062021602,0.62012213,0.035033055,0.8355468,0.858813,0.99408275,0.7422503,0.9949167,0.8121731,0.98825943,0.997985,0.9994942,0.99800724,0.9995407,0.9905344,0.99597555
0.52347964,0.063814916,0.5992719,0.039179847,0.82040054,0.8374812,0.9928722,0.6980662,0.9936108,0.7710629,0.9846822,0.9975224,0.9993755,0.99783653,0.9995023,0.9910511,0.99624276
0.65506333,0.098808505,0.7492805,0.03784919,0.87619495,0.832458,0.99322975,0.6479552,0.9927268,0.7350188,0.9827696,0.99644876,0.99913126,0.99700135,0.99931777,0.9883519,0.9951121
0.56035817,0.07046372,0.67642283,0.033376087,0.853267,0.78248125,0.9911963,0.59000874,0.99148715,0.6895205,0.979672,0.9957306,0.9989895,0.99656385,0.9992417,0.98748386,0.99485
0.50071406,0.05748871,0.6056712,0.035349905,0.83479923,0.7858757,0.9909767,0.61031616,0.99162054,0.70310915,0.9796713,0.996183,0.9990816,0.9967625,0.999273,0.987701,0.9948671
0.64251286,0.076430164,0.75231844,0.03692118,0.8887051,0.82851434,0.99429387,0.6340376,0.99457425,0.71857506,0.9850796,0.99653184,0.9992895,0.9964929,0.9993192,0.98549044,0.99437815
0.6571426,0.09563051,0.75650865,0.03917353,0.89242864,0.81703746,0.9939606,0.61495894,0.99363047,0.71207976,0.9841187,0.99558204,0.9990336,0.99572504,0.9991217,0.9824225,0.9931058
0.57907885,0.07071292,0.70623124,0.036292266,0.88626415,0.7894062,0.9931825,0.57335466,0.99303085,0.6741159,0.98204124,0.99625885,0.9992078,0.99707174,0.999419,0.9896808,0.9960037
0.58186215,0.08182192,0.688983,0.04393433,0.8605978,0.78494924,0.99247336,0.5723271,0.9923654,0.6704977,0.98041326,0.99606824,0.99914634,0.99678564,0.9993568,0.98845685,0.9955331
0.8305903,0.18270676,0.9063397,0.06466907,0.9517468,0.87622553,0.9961623,0.5838471,0.99369544,0.65962666,0.98131114,0.995449,0.9990858,0.9957677,0.9991792,0.9835887,0.9936194
0.751785,0.13630351,0.85141796,0.049185216,0.93851537,0.8531469,0.9950342,0.58424455,0.99229914,0.66773087,0.97979295,0.99579275,0.99904853,0.9967989,0.999315,0.98829216,0.99522674
0.6871307,0.10633695,0.791276,0.04755474,0.91998476,0.85632354,0.9942297,0.6276289,0.99179673,0.7003686,0.9788533,0.9963258,0.99909115,0.9970271,0.99929595,0.9885096,0.9950054
0.68721867,0.109173976,0.78005207,0.052187655,0.9153366,0.874811,0.9943159,0.67143136,0.99187464,0.73194826,0.97925454,0.99677175,0.99914336,0.99728024,0.99931026,0.9890309,0.9950203
0.7711073,0.13016586,0.8651062,0.04942116,0.9378204,0.8681678,0.99525356,0.6080973,0.99313277,0.6806457,0.98072135,0.9960061,0.99913234,0.99650013,0.9992667,0.9864898,0.9944938
0.7388187,0.108660184,0.839165,0.044503864,0.9301167,0.8648925,0.99504244,0.6271186,0.9934683,0.7011867,0.9819563,0.9960157,0.9991234,0.99624807,0.9991991,0.98463446,0.9936411
0.75561625,0.11520956,0.8532815,0.04479011,0.93568146,0.8656267,0.9955349,0.61856365,0.99402314,0.69437176,0.98301286,0.995992,0.9991615,0.9961547,0.9992156,0.9841777,0.99364203
0.7528768,0.106820226,0.8560485,0.041578844,0.940678,0.86170715,0.9956873,0.60867745,0.99436414,0.69145715,0.98395973,0.9956572,0.9991233,0.9956793,0.99914265,0.98171735,0.99275345
0.7833513,0.12899072,0.87673503,0.04937774,0.94502157,0.867081,0.99580365,0.6035116,0.99402905,0.6875591,0.98295975,0.99530196,0.99903774,0.99549943,0.9990884,0.98133713,0.99248135
0.6612297,0.09241333,0.77256054,0.05074555,0.92512655,0.85868424,0.99455845,0.62812746,0.9922438,0.70169014,0.97938454,0.9959706,0.9990213,0.99640936,0.99915123,0.9850198,0.9934549
0.590636,0.06441677,0.7294294,0.04399905,0.9314205,0.8436697,0.99470997,0.5961217,0.99277014,0.6696852,0.97947145,0.9957504,0.99904174,0.9961843,0.9991623,0.98428863,0.9934366
0.7421417,0.103190616,0.8538809,0.055985216,0.9508207,0.8757837,0.9964311,0.6036628,0.9948088,0.67671776,0.9835112,0.9962386,0.9992692,0.99621284,0.99927443,0.9837678,0.9936845
0.6151107,0.07842161,0.7420684,0.04487901,0.9151926,0.8405108,0.99407935,0.6134304,0.9923016,0.6890771,0.97912395,0.9967186,0.99921644,0.99742943,0.9994137,0.99035954,0.99587893
0.59080046,0.070348404,0.73184246,0.039377615,0.9137104,0.81121093,0.9940024,0.5669968,0.9926933,0.6560326,0.9798942,0.9965379,0.99925035,0.99746144,0.9994778,0.991041,0.9964245
0.64354926,0.10104842,0.7244356,0.0508565,0.88358915,0.86394536,0.9933402,0.68955153,0.99149245,0.75308514,0.97935635,0.99728525,0.9992471,0.9978327,0.9994313,0.99139833,0.9960155
0.6889912,0.11291983,0.7865044,0.05279294,0.91548336,0.86584073,0.9946293,0.65225255,0.9923822,0.7184447,0.9799227,0.997097,0.9992704,0.99777466,0.9994691,0.99164987,0.9963601
0.60093075,0.076301485,0.72208554,0.046721157,0.9138611,0.8501946,0.9941531,0.62669265,0.99209386,0.69364184,0.9786587,0.9968226,0.9992213,0.9975829,0.9994355,0.9909434,0.9960996
0.63495594,0.08084712,0.76362956,0.045372363,0.9307878,0.8531755,0.9947365,0.61160713,0.99257666,0.6808618,0.9794239,0.9964958,0.99917656,0.99731076,0.99939597,0.9901349,0.9958418
0.51198983,0.055016514,0.6448723,0.045450974,0.9065303,0.83575207,0.99342644,0.60730463,0.9916122,0.67036444,0.9766757,0.99665475,0.99918896,0.99742705,0.999408,0.9906522,0.9960075
0.3813871,0.04093314,0.48727134,0.049348664,0.8439426,0.78546137,0.9890338,0.5668744,0.98769474,0.63473046,0.96758324,0.9961423,0.9989956,0.99737155,0.99935967,0.9912491,0.9961392
0.32444936,0.030382158,0.41610432,0.038962983,0.819864,0.78140664,0.9886839,0.5991479,0.98883855,0.6708118,0.97159475,0.9967955,0.9991503,0.9977342,0.9994399,0.991814,0.99635565
0.36139256,0.03657129,0.44687176,0.044171285,0.82190555,0.7946188,0.98930246,0.617366,0.9894824,0.68961656,0.97327775,0.9967359,0.9991279,0.9975842,0.99939895,0.99109894,0.996031
0.40876076,0.046311148,0.48463246,0.047356546,0.81467706,0.809679,0.98886824,0.64082026,0.9885577,0.7117179,0.97253245,0.99666744,0.9990435,0.99751294,0.999338,0.99065965,0.99564666
0.48959425,0.06314384,0.5761654,0.060300734,0.8648976,0.84261847,0.9912136,0.63942456,0.98872375,0.6974901,0.9715227,0.996452,0.99899,0.99733967,0.99929464,0.99000895,0.99538726
0.57380265,0.062584765,0.7157867,0.050219595,0.90772194,0.81361985,0.9936511,0.55537933,0.992955,0.6384644,0.97857535,0.99535936,0.9990545,0.99598986,0.9992206,0.9849865,0.9941743
0.49709705,0.05656628,0.63003486,0.04777526,0.8915168,0.8021976,0.99237627,0.55798364,0.990943,0.6377696,0.97492516,0.9960077,0.99907434,0.9971578,0.9993826,0.99026674,0.99602485
0.5096736,0.052470494,0.6531954,0.04157875,0.9076446,0.8199521,0.99340373,0.58417875,0.9920975,0.6603636,0.9776627,0.9964302,0.99917287,0.99735224,0.99941885,0.9905455,0.99609804
0.48422024,0.035210684,0.65907,0.03226377,0.9155728,0.8062148,0.99459684,0.5689403,0.99476457,0.6567124,0.9833408,0.9965025,0.99934345,0.9968957,0.9994343,0.98756254,0.9953296
0.5135039,0.05426758,0.6532039,0.045332085,0.90764034,0.82582223,0.99366754,0.5886965,0.99230325,0.6624731,0.9778607,0.9966186,0.9992212,0.9974982,0.99945503,0.99113804,0.9963632
0.5626063,0.0452786,0.73442656,0.037161775,0.937622,0.84109634,0.9954572,0.58372396,0.9947408,0.6598701,0.9828425,0.99647886,0.99931836,0.9968767,0.9994079,0.98765904,0.99523866
0.6332299,0.05800732,0.8015237,0.03899161,0.9493883,0.8439587,0.99585414,0.5579474,0.9946989,0.6418914,0.98264164,0.99615127,0.99927706,0.9967528,0.99939966,0.9876151,0.99527305
0.4920362,0.03303977,0.6999415,0.037680835,0.9389223,0.81668884,0.9952494,0.5378731,0.9948155,0.62746733,0.9821607,0.99638677,0.99934655,0.996924,0.99945027,0.9884299,0.9956512
0.49332362,0.052902922,0.6415043,0.051569432,0.90192175,0.810229,0.9931821,0.55646336,0.99175817,0.63691396,0.97587675,0.99654835,0.9992242,0.9976515,0.9995022,0.9922145,0.9968389
0.48923734,0.04903851,0.6370468,0.04452599,0.90030074,0.8125433,0.9931197,0.578848,0.9920919,0.6620467,0.9775074,0.99672973,0.9992481,0.99772495,0.99950194,0.9922156,0.9967629
0.42179626,0.041253578,0.55861175,0.046516314,0.87882674,0.7975547,0.99203825,0.5671109,0.99127394,0.6468931,0.9752876,0.99669445,0.99923074,0.99772066,0.99950325,0.99228424,0.9968135
0.4450445,0.049787432,0.5634228,0.05217176,0.8644847,0.8005618,0.9914704,0.57924336,0.9904784,0.6591587,0.9742692,0.9966744,0.9991935,0.99773276,0.9994869,0.9923724,0.9967855
0.6405128,0.072830275,0.77041894,0.045755148,0.9200779,0.83868825,0.9950551,0.6057745,0.99469817,0.6883703,0.9837605,0.9963223,0.9992711,0.99660635,0.99935406,0.98677224,0.99491537
0.639283,0.0718333,0.76997954,0.045199312,0.9206253,0.8387455,0.9951127,0.6063664,0.9947824,0.68925166,0.9839811,0.9963431,0.99927896,0.99660987,0.9993573,0.9867344,0.99491227
0.62619597,0.07023451,0.7557452,0.04590922,0.9144899,0.8339934,0.9948573,0.6053329,0.994651,0.68894887,0.9836964,0.9963246,0.99927133,0.9966073,0.99935526,0.9867409,0.99491334
0.6276258,0.07087044,0.7556382,0.046096534,0.9135062,0.83437663,0.9948455,0.60777587,0.9946672,0.6916505,0.983808,0.9963134,0.9992673,0.99657804,0.99934834,0.98658305,0.9948466
0.62721944,0.073745504,0.75084144,0.04884754,0.9086266,0.8348903,0.9945386,0.6104249,0.9942883,0.692439,0.98286945,0.9962316,0.9992285,0.9965166,0.99931836,0.98640037,0.99468553
0.63199866,0.07058059,0.76181203,0.04440342,0.91552556,0.83378375,0.9949307,0.60650957,0.99476,0.6921803,0.98410726,0.9963232,0.99927443,0.99660826,0.99935704,0.98671573,0.99490297
0.6367727,0.07133544,0.76718354,0.044160813,0.91801316,0.83620334,0.9949739,0.60730344,0.99469936,0.6919713,0.9839422,0.99634665,0.9992741,0.9966671,0.99936265,0.98698515,0.9949753
0.66130227,0.09516331,0.77132607,0.05181321,0.92245823,0.85815537,0.9949096,0.63509166,0.9933089,0.7104532,0.9816606,0.99666315,0.999218,0.99736744,0.99941504,0.9902322,0.9959325
0.6483431,0.08988748,0.7591002,0.0496253,0.91932005,0.85771614,0.9947142,0.64080983,0.9931445,0.71527237,0.98143905,0.99669313,0.9992101,0.99734914,0.9993979,0.9899609,0.99575716
0.6774024,0.10338738,0.77894413,0.05498924,0.9234828,0.8704029,0.99489236,0.65558106,0.9929599,0.7225017,0.9809202,0.996729,0.9991903,0.9973163,0.99937004,0.9897378,0.9955766
0.6861246,0.10886971,0.7858761,0.057494804,0.92307436,0.8680093,0.9948932,0.6476801,0.99292904,0.7171474,0.98073524,0.996588,0.9991654,0.9972324,0.9993586,0.98957014,0.9955421
0.6654847,0.09851452,0.7748165,0.053688582,0.9223428,0.8560785,0.99478394,0.6267725,0.9930402,0.7017786,0.9808303,0.99643826,0.99916375,0.99714977,0.999366,0.9894958,0.9956235
0.6755734,0.09300189,0.7817508,0.04726281,0.9286775,0.8757782,0.9958437,0.6730937,0.9946536,0.7400977,0.98496014,0.99739057,0.9993998,0.9978582,0.9995333,0.9917425,0.9966106
0.6825765,0.09551976,0.787645,0.04712269,0.9293377,0.87577873,0.99586236,0.6721498,0.9946622,0.7400767,0.9850411,0.99734217,0.99938965,0.99781346,0.9995246,0.9915731,0.99654514
0.66482455,0.093975455,0.7650867,0.04921955,0.9191707,0.87057066,0.9953884,0.67186046,0.9942152,0.74043643,0.98414224,0.99720037,0.9993405,0.9976882,0.99948704,0.9910641,0.99629515
0.6688539,0.09398156,0.768455,0.04716094,0.91899335,0.86969054,0.99555814,0.67446625,0.9945802,0.74506223,0.9851104,0.99731475,0.99938047,0.9977869,0.999519,0.9914051,0.99648947
0.68589747,0.11722233,0.7579161,0.05924916,0.8981527,0.8797391,0.9948166,0.7042468,0.9934382,0.7654779,0.98297447,0.9973398,0.99930966,0.99781066,0.99947006,0.9914418,0.9962775
0.6869305,0.11478411,0.7667389,0.055472925,0.90236133,0.87189126,0.9948596,0.6868315,0.99355423,0.7548586,0.9832519,0.99722016,0.9993044,0.99774855,0.99947387,0.9913015,0.9962967
0.67070824,0.1062959,0.757865,0.053048287,0.90326166,0.8639622,0.9948001,0.6715352,0.99362284,0.74273896,0.98323095,0.99722195,0.99932635,0.9978363,0.9995098,0.9918812,0.9966157
0.6721577,0.10446768,0.7636561,0.053775895,0.91164625,0.86800826,0.9951383,0.6699536,0.99385554,0.73953927,0.98351836,0.9972875,0.9993524,0.997912,0.99953353,0.992159,0.99675876
0.6607123,0.099877454,0.75628555,0.05417557,0.9125778,0.8634034,0.9952118,0.65816617,0.9940003,0.72908115,0.9835488,0.99722445,0.9993567,0.99786645,0.9995376,0.99202955,0.99677354
0.6813364,0.101017974,0.7879979,0.052154794,0.92670524,0.8608705,0.9958954,0.63717735,0.9947371,0.71618295,0.9849658,0.9971825,0.99939644,0.9978454,0.9995652,0.99197316,0.99688846
0.6031805,0.07476305,0.7301755,0.045725342,0.91355574,0.82627475,0.9951201,0.59090084,0.994352,0.67939776,0.9835872,0.99684757,0.9993579,0.9976369,0.9995484,0.991578,0.99683833
0.6560035,0.09519582,0.76919776,0.049487162,0.91587,0.8285927,0.9950352,0.5905486,0.9940491,0.6839591,0.9833592,0.9963086,0.99923575,0.9971649,0.9994475,0.9898341,0.99614257
0.64967865,0.07514316,0.80761087,0.03719374,0.947708,0.8131361,0.9957254,0.516137,0.9944096,0.61228925,0.9827528,0.9955994,0.9991897,0.9966967,0.99941707,0.98876905,0.9959871
0.6230922,0.0674153,0.7886587,0.03529551,0.94465894,0.8037925,0.9955188,0.51118314,0.9943493,0.6097292,0.9827093,0.9955108,0.9991781,0.99656576,0.9993962,0.9881561,0.9957747
0.65441555,0.08138614,0.7989158,0.039649297,0.9407412,0.82049495,0.9954522,0.54104537,0.99406576,0.63341224,0.9823527,0.9956241,0.99914813,0.9965783,0.9993631,0.98797476,0.9955656
0.64192355,0.0784437,0.79093564,0.039807085,0.9382485,0.8126791,0.99520725,0.5310081,0.9937583,0.62710226,0.98161924,0.99548775,0.99911803,0.9965659,0.9993575,0.9880056,0.99554574
0.64296424,0.08004609,0.78656346,0.04146431,0.93754303,0.82197535,0.9950918,0.5486429,0.9934877,0.6389304,0.9810395,0.9954644,0.99907446,0.996431,0.9993038,0.9871709,0.9951042
0.6637045,0.081881836,0.81188416,0.038190395,0.9460388,0.8201331,0.995447,0.5325027,0.9938399,0.626403,0.9818726,0.99518174,0.9990569,0.9961904,0.9992859,0.9863542,0.99490595
0.63499993,0.07294846,0.79916745,0.0365825,0.94416493,0.79864776,0.9947807,0.49927258,0.99306905,0.5981752,0.97964376,0.994559,0.99893767,0.99581134,0.9992125,0.98557645,0.99458057
0.5968868,0.06295142,0.7691552,0.0338763,0.938141,0.78219444,0.99453014,0.48892525,0.9933276,0.59187317,0.9803342,0.99469876,0.9990006,0.99597955,0.99927455,0.98636913,0.9950355
0.6192969,0.06950747,0.7821375,0.03605198,0.9395605,0.79860777,0.9947514,0.50965506,0.9933466,0.607504,0.98050344,0.9950075,0.99902856,0.9961677,0.9992879,0.98677653,0.9950918
0.6025525,0.066167064,0.7662873,0.0358092,0.93566614,0.7982537,0.99466914,0.51704496,0.9933401,0.6118641,0.98054767,0.99532545,0.99908257,0.99641126,0.9993299,0.98749626,0.99534285
0.6034372,0.06611464,0.7728158,0.03519185,0.93697983,0.78662384,0.9947161,0.49371192,0.9934523,0.5911612,0.98044056,0.9952023,0.9990972,0.9964144,0.99936014,0.9880372,0.99567693
0.60148346,0.06710573,0.76348853,0.036146298,0.9327494,0.79205316,0.9944237,0.5130274,0.99319434,0.6127356,0.9804088,0.9950539,0.99902654,0.99615747,0.99928266,0.98668563,0.9950435
0.65047973,0.09781975,0.7728926,0.054923654,0.91751045,0.8261586,0.99426585,0.5686439,0.99247956,0.6565353,0.97896475,0.9960717,0.99913317,0.99718994,0.99941885,0.99059045,0.9962768
0.6809497,0.112365596,0.78995836,0.054680865,0.91871583,0.8372614,0.9943506,0.5841323,0.9922334,0.66736954,0.9788366,0.99599695,0.9990854,0.9971052,0.99938285,0.99018425,0.99606186
0.64632213,0.089687444,0.7841554,0.044856496,0.9265117,0.81520826,0.99455875,0.5393373,0.9927912,0.6283868,0.97921675,0.9962043,0.99921036,0.9974948,0.99950993,0.9921948,0.9970299
0.60328215,0.07786494,0.73745894,0.042934112,0.9072999,0.7970345,0.99426854,0.5500595,0.9936301,0.64970183,0.9819772,0.99643385,0.9992859,0.9974166,0.9995221,0.99149454,0.9968831
0.62317294,0.089601636,0.72464967,0.044061523,0.89136904,0.83541197,0.993522,0.635034,0.992525,0.71375066,0.9808834,0.9966884,0.9991947,0.9974137,0.99941885,0.99075806,0.9961863
0.6330424,0.08767801,0.7560732,0.04201265,0.9127062,0.81931895,0.9945322,0.5698664,0.9934043,0.65295,0.98096263,0.99657494,0.9992822,0.99762267,0.9995396,0.9925827,0.9972314
0.77556825,0.11662294,0.8535312,0.037718363,0.93475854,0.8905702,0.9970401,0.71408975,0.9968989,0.7822796,0.99088097,0.99751794,0.9995179,0.9972664,0.999501,0.9878364,0.99553597
0.811264,0.16141978,0.85237193,0.04896694,0.90722984,0.91994876,0.99679166,0.812062,0.99684805,0.8629353,0.9920589,0.9983747,0.9996092,0.9981834,0.9996026,0.9911884,0.99635077
0.7663985,0.17567904,0.77152693,0.07088179,0.8585826,0.9456495,0.9961224,0.8824016,0.9954764,0.90378773,0.98941606,0.99919766,0.9997193,0.99921,0.99975103,0.996099,0.9979965
0.8441674,0.2188956,0.85066193,0.05285943,0.8676095,0.94800454,0.99639183,0.8963573,0.9964259,0.9242461,0.9927447,0.999172,0.9997296,0.99914694,0.9997478,0.9955973,0.99778086
0.68185985,0.119457886,0.68119955,0.044006944,0.7736246,0.9308357,0.99383163,0.89574623,0.99472964,0.92583424,0.99017817,0.99935025,0.99974257,0.99944204,0.9998022,0.99718994,0.9984145
0.794881,0.24743119,0.7608907,0.07271087,0.7506856,0.9466876,0.99184763,0.91613734,0.9913077,0.9384513,0.98642665,0.9991849,0.9995782,0.9992761,0.9996679,0.9964044,0.9976394
0.8179303,0.37874445,0.722448,0.17261739,0.6408216,0.96408236,0.9912914,0.9361265,0.9874292,0.9479349,0.981135,0.999313,0.9995577,0.99937147,0.9996495,0.99626166,0.9972193
0.5044076,0.12685484,0.4123908,0.076512314,0.49339458,0.9029117,0.96498734,0.87427324,0.9612245,0.8856073,0.9433323,0.99888724,0.9991573,0.9993094,0.99954766,0.99723345,0.9976897
0.5893046,0.15159301,0.5537918,0.08424807,0.65351677,0.919419,0.9677554,0.84865665,0.95047927,0.83102113,0.9082328,0.9984004,0.9986817,0.99912256,0.99935025,0.9969494,0.99728465
0.13042213,0.018453255,0.08522423,0.0231335,0.25032553,0.86161256,0.89452535,0.90208244,0.938166,0.9004925,0.9256246,0.99904853,0.9989753,0.9991272,0.9992494,0.9956611,0.9956434
0.7711441,0.2164676,0.8215799,0.040259063,0.7930921,0.82658875,0.98296404,0.7179344,0.9842626,0.77298194,0.9704873,0.99789953,0.9992205,0.9989779,0.9996774,0.99706155,0.9984571
0.7858225,0.32434905,0.7030033,0.10458777,0.6823095,0.9603184,0.9735073,0.9429715,0.96225655,0.93674815,0.95107865,0.9990276,0.99899334,0.9988545,0.99900454,0.99359256,0.9935681
0.85857886,0.35507232,0.8609048,0.09359355,0.8534049,0.9510589,0.9872764,0.901811,0.98050255,0.9018958,0.966406,0.99882597,0.9992091,0.9986916,0.9992324,0.99327254,0.9947069
0.8966659,0.33132786,0.9245542,0.05793598,0.9353257,0.9522051,0.99208844,0.86861414,0.9843911,0.86550933,0.9704254,0.9980235,0.9989122,0.9977113,0.9987968,0.9871082,0.99071914
0.91103715,0.3531823,0.9263581,0.08355605,0.94869214,0.971982,0.99346703,0.90074486,0.98405117,0.88234895,0.96897304,0.998618,0.99917334,0.9985258,0.9991905,0.99240816,0.99428034
0.84548986,0.40555286,0.8053942,0.13117409,0.7656441,0.959016,0.9773005,0.92827636,0.9585966,0.9169527,0.94023633,0.9982857,0.9983039,0.9976566,0.997891,0.98613584,0.9859424
0.77676815,0.20759408,0.8104172,0.047617685,0.86075485,0.9158217,0.98278344,0.82883686,0.9752254,0.834295,0.9589113,0.9964541,0.9979304,0.9967771,0.9983119,0.9836473,0.9882733
0.59587467,0.10302967,0.4865116,0.05900807,0.6409096,0.9554616,0.9911855,0.9447838,0.9923908,0.94927764,0.9870854,0.9990534,0.99947065,0.99840647,0.99919194,0.9871258,0.9911142
0.73804057,0.14628758,0.76708615,0.05695102,0.8632636,0.9308308,0.99553204,0.8406101,0.99498147,0.8758345,0.9885888,0.99838245,0.99946314,0.99866307,0.99961,0.99361295,0.9969511
0.6039727,0.07643121,0.6494463,0.05994547,0.8839767,0.93964213,0.9962302,0.8466739,0.9954289,0.8640178,0.98736423,0.998725,0.999589,0.9989355,0.999689,0.99488336,0.9975013
0.25441596,0.021473752,0.31063148,0.088512026,0.8768057,0.9253086,0.99265563,0.7661086,0.9874773,0.7429017,0.95795184,0.9983191,0.9993431,0.9985481,0.9994535,0.9933589,0.99614453
0.13395055,0.012761824,0.20440933,0.1257682,0.8987711,0.85370934,0.9876379,0.49906725,0.9686752,0.46425074,0.8900893,0.99655366,0.99881005,0.9983565,0.9994572,0.99460816,0.99703574
0.29177043,0.06463028,0.34946376,0.16566725,0.8377037,0.87588716,0.95995873,0.5485907,0.8556469,0.42977604,0.6616275,0.995802,0.99702376,0.9982147,0.9987814,0.99565685,0.99638605
0.11820029,0.021194315,0.1422459,0.096540846,0.73080367,0.7768087,0.9453529,0.450727,0.88067824,0.34354827,0.68771124,0.9959479,0.9977533,0.99889416,0.9994654,0.9975957,0.9983992
0.22253717,0.11859263,0.098391145,0.3262744,0.353296,0.92013866,0.89764744,0.8217978,0.7798396,0.6584959,0.5820163,0.9975465,0.9967103,0.99889994,0.9988267,0.9967193,0.9966343
0.20286112,0.1123366,0.06050607,0.48314717,0.22524595,0.9665032,0.89163935,0.9437166,0.7248761,0.87532306,0.60212934,0.99920887,0.9982153,0.999532,0.9990497,0.99782073,0.9963361
0.29638162,0.21629103,0.06908477,0.6683537,0.121667445,0.98089236,0.8467836,0.970205,0.6198767,0.91156423,0.49327773,0.9992853,0.9976949,0.9994148,0.998293,0.99704605,0.9939452
0.65977585,0.5625471,0.17998023,0.7534436,0.10140565,0.99241155,0.9356791,0.99180263,0.83231497,0.9771392,0.76667714,0.9997236,0.999017,0.9996362,0.9987796,0.99707484,0.993668
0.34569862,0.1691902,0.1093077,0.5310762,0.22582693,0.9811701,0.94096977,0.9761756,0.86209565,0.94110465,0.7559919,0.99959475,0.9990779,0.99964225,0.9991799,0.99775654,0.9961224
0.36105973,0.22363992,0.071448706,0.78879565,0.1715595,0.9920373,0.9220727,0.9870303,0.7803574,0.9548043,0.6600298,0.9994186,0.99814785,0.9989586,0.99695814,0.9901952,0.98025596
0.6308589,0.36228052,0.33389652,0.39780432,0.26326397,0.96405137,0.9532816,0.956847,0.9278336,0.921637,0.88441086,0.99918634,0.9989814,0.9977894,0.9973316,0.9837854,0.9814667
0.65415066,0.32145602,0.37508473,0.2676357,0.290673,0.9648609,0.9747796,0.95217776,0.9710569,0.93017495,0.9483425,0.99942505,0.9995023,0.99882466,0.99912685,0.9921852,0.99370617
0.89841914,0.8172122,0.65767616,0.7006861,0.29357484,0.98873526,0.9700743,0.9728486,0.9131324,0.94795007,0.8727463,0.99937505,0.99896777,0.9989624,0.9985464,0.9935173,0.9921604
0.4573909,0.37252972,0.104972,0.8348242,0.13952917,0.990092,0.92371696,0.9788183,0.7189193,0.94273144,0.6020264,0.9994067,0.9981026,0.9993136,0.99790406,0.99525577,0.9901686
0.37077078,0.27306664,0.070938505,0.8721826,0.16090742,0.99289423,0.9452024,0.98108155,0.782823,0.94155824,0.644721,0.999592,0.9988605,0.99948597,0.9987043,0.9962477,0.9931837
0.3695049,0.24752916,0.095591344,0.8304856,0.23549968,0.989783,0.9477052,0.97502536,0.822408,0.92594886,0.6805018,0.99946696,0.9987752,0.99920267,0.9982911,0.9946515,0.9914232
0.3496186,0.15320401,0.14129496,0.52045745,0.22317566,0.96491754,0.9404094,0.9440796,0.89499384,0.8893516,0.7912451,0.9991811,0.99884653,0.99909914,0.9987656,0.99499375,0.99385554
0.34391415,0.11714793,0.17106375,0.39927617,0.2876906,0.9512477,0.95566046,0.9190813,0.9259391,0.8621315,0.84416723,0.9989164,0.99887913,0.9987968,0.9987569,0.9933149,0.99303985
0.4633178,0.1323499,0.33218938,0.2173662,0.45953986,0.9253868,0.97576547,0.8752387,0.96518654,0.82681406,0.92161894,0.9987411,0.99919957,0.9986278,0.9991233,0.99302685,0.9946785
0.2064085,0.1020115,0.04436004,0.6667801,0.106134675,0.9787174,0.91988117,0.9656916,0.8204588,0.92279196,0.70163435,0.9990964,0.99813086,0.99897027,0.9979182,0.9924319,0.98803604
0.325229,0.11363404,0.1475844,0.30327994,0.21058404,0.9242764,0.95103276,0.9048661,0.93809944,0.8604225,0.8848898,0.9985551,0.9987576,0.99810696,0.9983784,0.98895335,0.9900477
0.4242338,0.10832573,0.30958652,0.22308174,0.48530886,0.9276336,0.9767968,0.88671213,0.96550804,0.83373886,0.91662014,0.9986589,0.9991072,0.9982797,0.9987859,0.99049765,0.99215406
0.5329955,0.20520869,0.3331387,0.6534291,0.57686955,0.9897859,0.97691685,0.96991694,0.90986836,0.92944103,0.8063051,0.99937004,0.99888986,0.99893826,0.99794465,0.99218243,0.98723245
0.4790396,0.111560866,0.39927894,0.27118164,0.64921254,0.95411885,0.983769,0.89678276,0.967555,0.83715636,0.91418326,0.9988649,0.99921393,0.9987055,0.99903715,0.993194,0.9940889
0.40448877,0.3338879,0.06452428,0.8475879,0.08502742,0.9908784,0.91802454,0.98420054,0.7590518,0.95414877,0.6509816,0.99932015,0.997895,0.99912924,0.99750406,0.99338293,0.98748696
0.34956828,0.15195069,0.1264342,0.61420166,0.24844094,0.983928,0.9533292,0.9733599,0.8807826,0.9389963,0.7891678,0.99941635,0.9988612,0.9990553,0.99805367,0.99308324,0.98863447
0.16482829,0.08772219,0.028544191,0.6627474,0.08169476,0.97777003,0.9121246,0.9709508,0.8309966,0.9288138,0.71499217,0.99920887,0.998351,0.99907494,0.99813783,0.9933601,0.9898163
0.55426246,0.15512791,0.44432434,0.14976372,0.5508744,0.9258374,0.9776244,0.87029153,0.9665031,0.81898004,0.9260056,0.9983392,0.9989691,0.99817264,0.99884725,0.99080443,0.9929932
0.6330639,0.2874844,0.40069205,0.30430517,0.3888967,0.9694876,0.9666395,0.9551185,0.93740827,0.91915846,0.8881078,0.9991122,0.998904,0.9989178,0.9986457,0.9932354,0.9919343
0.35220516,0.12334563,0.17060892,0.52592,0.37046683,0.97808164,0.95742506,0.9610426,0.90526694,0.917617,0.8080913,0.9992962,0.99888116,0.99883455,0.99801993,0.99187225,0.98807657
0.2998853,0.13551457,0.09673788,0.6656737,0.2535732,0.98614293,0.94231796,0.97846586,0.8556941,0.94553524,0.74450797,0.99946135,0.99874145,0.9990502,0.99766195,0.99249554,0.9861714
0.5055624,0.2965541,0.17749111,0.5693303,0.15996279,0.97679806,0.94099253,0.9710721,0.8905276,0.9394305,0.82554173,0.9992279,0.9986526,0.99894744,0.99818736,0.99265563,0.9896315
0.3872681,0.22361228,0.10113309,0.65224564,0.12541988,0.9830208,0.9317646,0.97966236,0.8640011,0.95536435,0.79805166,0.9994735,0.99883777,0.9990428,0.9978574,0.99212426,0.98677677
0.24633676,0.12981361,0.052197725,0.6881257,0.13374583,0.983987,0.93030125,0.97976756,0.8617497,0.95190924,0.7726467,0.9994548,0.99876887,0.99893636,0.9976311,0.9909485,0.98493457
0.15301731,0.0815775,0.029882783,0.63197535,0.105340704,0.97136724,0.91097724,0.95942867,0.82478714,0.9033483,0.69652957,0.9989297,0.99800783,0.9987662,0.9978059,0.9915758,0.9881153
0.16360973,0.068651915,0.043538842,0.58433914,0.16612057,0.97059536,0.9296892,0.9527132,0.84712374,0.8919519,0.7119041,0.9988607,0.9980744,0.99873775,0.9978549,0.9913771,0.9878179
0.19595273,0.086862125,0.04968399,0.48115167,0.11360434,0.96119916,0.9086457,0.9565964,0.8553017,0.9098758,0.75768065,0.99889,0.99813026,0.9986727,0.99776804,0.99085593,0.987316
0.19483118,0.09050251,0.047110613,0.6654762,0.1801754,0.98235816,0.93695366,0.9709871,0.8440795,0.92758924,0.7249796,0.9993135,0.9985796,0.99888355,0.99767894,0.99104416,0.9855612
0.24581851,0.124310456,0.05703656,0.57066,0.096951574,0.9722378,0.912268,0.96678203,0.8431194,0.9317317,0.765984,0.9991449,0.9983565,0.9985815,0.9972487,0.9890115,0.983256
0.12659788,0.07481743,0.020381268,0.6830748,0.07947199,0.9775981,0.8938832,0.968159,0.7826603,0.91922647,0.65687126,0.99919444,0.9981772,0.9987764,0.99737096,0.99071294,0.9851459
0.15859729,0.1077131,0.026500344,0.59329194,0.060955755,0.9589292,0.84942675,0.95307916,0.72721434,0.900241,0.62556,0.99864763,0.99703,0.9983182,0.9963858,0.9890365,0.9826347
0.21941754,0.14333445,0.036533907,0.70399874,0.0833503,0.97772413,0.9031997,0.9689224,0.7967659,0.9207563,0.68013465,0.9988998,0.99763525,0.99865735,0.997279,0.9902569,0.98526657
0.15968738,0.07592807,0.035308816,0.5709789,0.119030096,0.965948,0.91791946,0.9526681,0.84337413,0.8892495,0.71633565,0.9986873,0.9978477,0.9984896,0.9975719,0.98956954,0.986145
0.19366728,0.109727904,0.03617933,0.50082463,0.058674783,0.954972,0.88028675,0.9551906,0.80369645,0.91175365,0.7140726,0.99863225,0.9974025,0.9986601,0.99744487,0.99148726,0.9874578
0.18464744,0.10252418,0.034393936,0.5947134,0.081730306,0.9672359,0.9074313,0.95690346,0.80423933,0.90996027,0.6960443,0.99877185,0.99761033,0.9988894,0.9978417,0.9926394,0.9888531
0.20730294,0.09596495,0.049475163,0.6791581,0.17421794,0.9853324,0.9374875,0.97563624,0.83083194,0.93649125,0.7136394,0.99927956,0.9983543,0.99876934,0.99712116,0.98916966,0.9809316
0.20016432,0.06788592,0.079249,0.6145986,0.39192846,0.97968835,0.95376277,0.9521651,0.8545895,0.87641895,0.69214183,0.99874026,0.9978897,0.99854714,0.99743575,0.99011844,0.98521173
0.20899537,0.08271644,0.06817058,0.6710394,0.30813956,0.9823682,0.9503407,0.96210665,0.8478331,0.89909446,0.6951584,0.9989213,0.9980116,0.99870074,0.99751234,0.9907278,0.9855746
0.16177694,0.09257163,0.02735009,0.7801117,0.13078347,0.9852865,0.9352778,0.9715308,0.8221867,0.9158377,0.6737729,0.99914277,0.99821305,0.99892503,0.99788874,0.9914997,0.9872874
0.2127661,0.14939855,0.029731853,0.80451524,0.09555752,0.98814756,0.9269148,0.9796149,0.8144167,0.94037694,0.70122916,0.9993888,0.99853325,0.9988716,0.9975569,0.9906846,0.9854553
0.32331514,0.25578398,0.05047544,0.8416962,0.09132925,0.9878034,0.92329055,0.9754664,0.7703209,0.92602473,0.63994354,0.9990662,0.9977537,0.998896,0.99753296,0.99194276,0.98728627
0.41631854,0.3516265,0.07879561,0.87137496,0.115445934,0.98885113,0.92430216,0.97391564,0.7432108,0.9184877,0.6016706,0.9988495,0.9971318,0.9986552,0.99689305,0.99057543,0.9848317
0.26514,0.20496733,0.04210411,0.85736513,0.1125295,0.98774034,0.9231745,0.9723875,0.7477703,0.9079441,0.57783574,0.99892634,0.9973911,0.99874866,0.9971693,0.99102694,0.9856278
0.22765249,0.170215,0.035820868,0.83930504,0.13445775,0.9870345,0.9323227,0.9739318,0.8063212,0.9164086,0.6642331,0.99919754,0.99826354,0.99847347,0.99701226,0.98794866,0.9825729
0.23548926,0.17677864,0.038189236,0.84812933,0.12576854,0.9866252,0.9254829,0.97056335,0.7641294,0.90164804,0.59486586,0.99886787,0.99742943,0.9986313,0.9971214,0.9901365,0.98500764
0.19427279,0.09309137,0.046178605,0.7332233,0.22612719,0.9835231,0.9528305,0.967094,0.8772828,0.90677655,0.7490393,0.9991744,0.9986261,0.99842024,0.9974504,0.98732865,0.9833039
0.36772215,0.31663793,0.057652134,0.8747132,0.11332274,0.99159944,0.9322438,0.98456687,0.79627186,0.94622314,0.68053997,0.99936026,0.99829453,0.99872893,0.9969163,0.9892714,0.9823615
